<?xml version="1.0" encoding="UTF-8"?>
<Configuration status="DEBUG" monitorInterval="30">
    <Properties>
        <Property name="LOG_PATTERN">%d{yyyy-MM-dd'T'HH:mm:ss.SSSZ} %C %p %m%n</Property>
        <Property name="APP_LOG_ROOT">/home/ubuntu/logs/inmar_test/logs</Property>
    </Properties>
    <Appenders>
        <Console name="Console" target="SYSTEM_OUT" follow="true">
            <PatternLayout pattern="${LOG_PATTERN}" />
        </Console>
        <RollingFile name="appLog"
                fileName="${APP_LOG_ROOT}/inmar_test_application.log"
                filePattern="${APP_LOG_ROOT}/inmar_test_application-%d{yyyy-MM-dd}-%i.log">
            <PatternLayout pattern="${LOG_PATTERN}" />
            <Policies>
                <SizeBasedTriggeringPolicy size="19500KB" />
            </Policies>
            <DefaultRolloverStrategy max="1" />
        </RollingFile>
    </Appenders>
    <Loggers>
        <Logger name="com.inmar" additivity="false">
            <AppenderRef ref="appLog" />
            <AppenderRef ref="Console" />
        </Logger>
        <Root level="debug">
            <AppenderRef ref="Console" />
            <AppenderRef ref="appLog" />
        </Root>
    </Loggers>
</Configuration>